{
  "_generated": "Generated by SweetTooth, do not edit",
  "description": "The Animated & Effectful Dock",
  "donations": {
    "buymeacoffee": "icedman"
  },
  "gettext-domain": "dash2dock-lite",
  "name": "Dash2Dock Animated",
  "original-authors": [
    "icedman"
  ],
  "schema-id": "org.gnome.shell.extensions.dash2dock-lite",
  "shell-version": [
    "45",
    "46",
    "47",
    "48"
  ],
  "url": "https://github.com/icedman/dash2dock-lite",
  "uuid": "dash2dock-lite@icedman.github.com",
  "version": 72
}