{
  "_generated": "Generated by SweetTooth, do not edit",
  "description": "GNOME 45+ extension that integrates Spotify playback controls directly into your GNOME top bar. This extension is not affiliated, funded, or in any way associated with Spotify.",
  "extension-type": "shell-extension",
  "name": "Spotify Controls + Track Info",
  "preferences": "prefs.js",
  "settings-schema": "org.gnome.shell.extensions.spotify-controls",
  "shell-version": [
    "45",
    "46",
    "47",
    "48"
  ],
  "url": "https://github.com/Sonath21/spotify-controls",
  "uuid": "spotify-controls@Sonath21",
  "version": 11
}