{
  "_generated": "Generated by SweetTooth, do not edit",
  "description": "Minimize/unminimize all open windows with a single click.",
  "extension-id": "show-desktop-applet",
  "gettext-domain": "show-desktop-applet",
  "localedir": "/usr/share/locale",
  "name": "Show Desktop Applet",
  "settings-schema": "org.gnome.shell.extensions.show-desktop-applet",
  "shell-version": [
    "45",
    "46"
  ],
  "url": "https://github.com/Valent-in/Show-Desktop-Applet",
  "uuid": "show-desktop-applet@valent-in",
  "version": 7
}