{
  "_generated": "Generated by SweetTooth, do not edit",
  "description": "Customize GNOME's Lockscreen",
  "donations": {
    "buymeacoffee": "pratappanabaka"
  },
  "name": "Lockscreen Extension",
  "session-modes": [
    "unlock-dialog"
  ],
  "settings-schema": "org.gnome.shell.extensions.lockscreen-extension",
  "shell-version": [
    "45",
    "46",
    "47",
    "48"
  ],
  "url": "https://github.com/PRATAP-KUMAR/lockscreen-extension",
  "uuid": "lockscreen-extension@pratap.fastmail.fm",
  "version": 8
}