<?xml version="1.0" encoding="UTF-8"?>
<schemalist gettext-domain="dash2dock-lite">
  <schema path="/org/gnome/shell/extensions/dash2dock-lite/" id="org.gnome.shell.extensions.dash2dock-lite">
    <key type="b" name="debug">
        <default>false</default>
        <summary>Debug Mode</summary>
        <description></description>
    </key>
    <key type="b" name="experimental-features">
        <default>false</default>
        <summary>Debug Mode</summary>
        <description></description>
    </key>
    <key type="b" name="debug-log">
        <default>false</default>
        <summary>Logs</summary>
        <description>Enable debug logs</description>
    </key>
    <key type="b" name="debug-visual">
        <default>false</default>
        <summary>Visual Indicators</summary>
        <description>Enable debug visual indicators when animations are running.</description>
    </key>
    <key type="b" name="shrink-icons">
        <default>true</default>
        <summary>Shrink icons</summary>
        <description>Shrink dash icons.</description>
    </key>
    <key type="b" name="animate-icons">
        <default>true</default>
        <summary>Animations and Effects</summary>
        <description>Enable animations and effects.</description>
    </key>
    <key type="b" name="animate-icons-unmute">
        <default>true</default>
        <summary>Animate Icons</summary>
        <description>Animate dash icons on hover.</description>
    </key>
    <key type="b" name="open-app-animation">
        <default>false</default>
        <summary>Open app animation</summary>
        <description>Open app animation.</description>
    </key>
    <key type="b" name="lamp-app-animation">
        <default>false</default>
        <summary>Minimize app lamp animation</summary>
        <description>Minimize app genie on a lamp animation.</description>
    </key>
    <key type="b" name="autohide-dash">
        <default>false</default>
        <summary>Autohide dash panel</summary>
        <description>Animate dash icons on hover.</description>
    </key>
    <key type="b" name="autohide-dodge">
        <default>true</default>
        <summary>Autohide dodge mode</summary>
        <description>Autohide dash only when overlapping with windows.</description>
    </key>
    <key type="b" name="pressure-sense">
        <default>false</default>
        <summary>Pressure sense</summary>
        <description>Move pointer down to force dash visibility.</description>
    </key>
    <key type="d" name="autohide-speed">
        <default>0.5</default>
        <summary>Autohide speed</summary>
        <description>Set autohide animation speed.</description>
    </key>
    <key type="(dddd)" name="background-color">
        <default>(0.,0.,0.,0.25)</default>
        <summary>Background color</summary>
        <description>Set dock background color.</description>
    </key>
    <key type="b" name="customize-topbar">
        <default>false</default>
        <summary>Customize the topbar</summary>
        <description>Customize the topbar with border and color.</description>
    </key>
    <key type="(dddd)" name="topbar-background-color">
        <default>(0.,0.,0.,0.25)</default>
        <summary>Topbar background color</summary>
        <description>Set topbar panel background color.</description>
    </key>
    <key type="(dddd)" name="topbar-foreground-color">
        <default>(1.,1.,1.,1.)</default>
        <summary>Topbar foreground color</summary>
        <description>Set topbar panel foreground color.</description>
    </key>
        <key type="(dddd)" name="topbar-border-color">
        <default>(1.,1.,1.,1.)</default>
        <summary>border color</summary>
        <description>Set topbar border color.</description>
    </key>
    <key type="i" name="topbar-border-thickness">
        <default>0</default>
        <summary>Border thickness</summary>
        <description>Border thickness.</description>
		</key>
		<key type="b" name="topbar-blur-background">
        <default>false</default>
        <summary>Enable background blur</summary>
        <description></description>
    </key>
    <key type="b" name="customize-label">
        <default>false</default>
        <summary>Customize the label</summary>
        <description>Customize the label with border and color.</description>
    </key>
    <key type="b" name="hide-labels">
        <default>false</default>
        <summary>Hide the label</summary>
        <description>Do not show the labels at all.</description>
    </key>
    <key type="(dddd)" name="label-background-color">
        <default>(0.,0.,0.,0.25)</default>
        <summary>label background color</summary>
        <description>Set label panel background color.</description>
    </key>
    <key type="(dddd)" name="label-foreground-color">
        <default>(1.,1.,1.,1.)</default>
        <summary>label foreground color</summary>
        <description>Set label panel foreground color.</description>
    </key>
        <key type="(dddd)" name="label-border-color">
        <default>(1.,1.,1.,1.)</default>
        <summary>border color</summary>
        <description>Set label border color.</description>
    </key>
    <key type="d" name="label-border-radius">
        <default>0</default>
        <summary>Border radius</summary>
        <description>Border radius.</description>
    </key>
    <key type="i" name="label-border-thickness">
        <default>0</default>
        <summary>Border thickness</summary>
        <description>Border thickness.</description>
    </key>
    <key type="d" name="border-radius">
        <default>3</default>
        <summary>Border radius</summary>
        <description>Set dash background border radius.</description>
    </key>
    <key type="(dddd)" name="border-color">
        <default>(1.,1.,1.,1.)</default>
        <summary>border color</summary>
        <description>Set dock border color.</description>
    </key>
    <key type="i" name="border-thickness">
        <default>0</default>
        <summary>Border thickness</summary>
        <description>Border thickness.</description>
    </key>
    <key type="(dddd)" name="separator-color">
        <default>(1.,1.,1.,1.)</default>
        <summary>Separator color</summary>
        <description>Set dock separator color.</description>
    </key>
    <key type="i" name="separator-thickness">
        <default>0</default>
        <summary>Separator thickness</summary>
        <description>separator thickness.</description>
    </key>
    <key type="d" name="dock-padding">
        <default>0.5</default>
        <summary>Dock padding</summary>
        <description>Dock padding.</description>
    </key>
    <key type="d" name="icon-spacing">
        <default>0.5</default>
        <summary>Icon spacing</summary>
        <description>Icon spacing.</description>
    </key>
    <key type="b" name="trash-icon">
        <default>false</default>
        <summary>Show trash icon</summary>
        <description>Show a dynamic trash icon.</description>
    </key>
    <key type="b" name="downloads-icon">
        <default>false</default>
        <summary>Show downloads icon</summary>
        <description>Show a dynamic downloads icon.</description>
    </key>
    <key type="b" name="documents-icon">
        <default>false</default>
        <summary>Show documents icon</summary>
        <description>Show a dynamic documents icon.</description>
    </key>
    <key type="s" name="documents-path">
        <default>""</default>
        <summary>Documents path</summary>
        <description>Path to monitor</description>
    </key>
    <key type="s" name="downloads-path">
        <default>""</default>
        <summary>Downloads path</summary>
        <description>Path to monitor</description>
    </key>
    <key type="i" name="max-recent-items">
        <default>0</default>
        <summary>Maximum recent items</summary>
        <description>Maximum recent items.</description>
    </key>
    <key type="b" name="mounted-icon">
        <default>false</default>
        <summary>Show mounted device icons</summary>
        <description>Show a mounted device icon.</description>
    </key>
    <key type="b" name="clock-icon">
        <default>false</default>
        <summary>Dynamic clock</summary>
        <description>Show a dynamic clock icon.</description>
    </key>
    <key type="i" name="clock-style">
        <default>0</default>
        <summary>Clock style</summary>
        <description>Set clock icon style.</description>
    </key>
    <key type="b" name="calendar-icon">
        <default>false</default>
        <summary>Dynamic calendar</summary>
        <description>Show a dynamic calendar icon.</description>
    </key>
    <key type="i" name="calendar-style">
        <default>0</default>
        <summary>Calendar style</summary>
        <description>Set calendar icon style.</description>
    </key>
    <key type="b" name="peek-hidden-icons">
        <default>false</default>
        <summary>Peek hidden icons</summary>
        <description>Partially show animated icons when the dash is auto hidden.</description>
    </key>
    <key type="i" name="animation-fps">
        <default>0</default>
        <summary>Animation frame rate</summary>
        <description>Set animation frame rate. High setting shows smooth animations at the expense of high cpu resource.</description>
    </key>
    <key type="d" name="animation-magnify">
        <default>0.30</default>
        <summary>Icon magnification</summary>
        <description>Set icons spread radius when zoomed and animated.</description>
    </key>
    <key type="i" name="animation-type">
        <default>0</default>
        <summary>Animation type</summary>
        <description>Animation type.</description>
    </key>
    <key type="d" name="animation-spread">
        <default>0.75</default>
        <summary>Icons spread</summary>
        <description>Icon spread when animated.</description>
    </key>
    <key type="d" name="animation-rise">
        <default>0.25</default>
        <summary>Icons rise</summary>
        <description>Icon rise when animated.</description>
    </key>
    <key type="d" name="animation-bounce">
        <default>0.75</default>
        <summary>Icons bounce</summary>
        <description>Icon bounce when clicked.</description>
    </key>
    <key type="d" name="items-pullout-angle">
        <default>0.5</default>
        <summary>Items angle</summary>
        <description>Folder items pullout angle.</description>
    </key>
    <key type="d" name="edge-distance">
        <default>0</default>
        <summary>Edge distance</summary>
        <description>Adjust dock distance from screen edge.</description>
    </key>
    <key type="b" name="panel-mode">
        <default>false</default>
        <summary>Panel mode</summary>
        <description>Dock the dash on a full-width panel.</description>
    </key>
    <key type="b" name="favorites-only">
        <default>false</default>
        <summary>Favorits apps only</summary>
        <description>Show only icons of favorite apps.</description>
    </key>
    <key type="b" name="apps-icon">
        <default>true</default>
        <summary>Apps icon</summary>
        <description>Show the apps icon.</description>
    </key>
    <key type="b" name="icon-shadow">
        <default>true</default>
        <summary>Icon shadow</summary>
        <description>Add the icon shadow effect.</description>
    </key>
    <key type="b" name="apps-icon-front">
        <default>false</default>
        <summary>Apps icon at front</summary>
        <description>Position the apps icon at the front.</description>
    </key>
    <key type="i" name="preferred-monitor">
        <default>0</default>
        <summary>Preferred monitor to dock</summary>
        <description>Show dock on selected monitor.</description>
    </key>
    <key type="i" name="multi-monitor-preference">
        <default>0</default>
        <summary>Multi-monitor dock preference</summary>
        <description>Multi-monitor dock locations.</description>
    </key>
    <key type="i" name="dock-location">
        <default>0</default>
        <summary>Dock location</summary>
        <description>Set dock position on the screen.</description>
    </key>
    <key type="i" name="running-indicator-style">
        <default>0</default>
        <summary>Running window indicator</summary>
        <description>Customize the running window indicator style.</description>
    </key>
    <key type="i" name="running-indicator-size">
        <default>0</default>
        <summary>Running window indicator size</summary>
        <description>Customize the running window indicator size.</description>
    </key>
    <key type="(dddd)" name="running-indicator-color">
        <default>(1.,1.,1.,1.)</default>
        <summary>Running window indicator color</summary>
        <description>Customize the running window indicator color.</description>
    </key>
    <key type="i" name="notification-badge-style">
        <default>0</default>
        <summary>Notification badge</summary>
        <description>Customize the notification badge style.</description>
    </key>
    <key type="i" name="notification-badge-size">
        <default>0</default>
        <summary>Notification badge size</summary>
        <description>Customize the notification badge size.</description>
    </key>
    <key type="(dddd)" name="notification-badge-color">
        <default>(1.,1.,1.,1.)</default>
        <summary>Notification badge color</summary>
        <description>Customize the notification badge color.</description>
    </key>
    <key type="d" name="icon-size">
        <default>0</default>
        <summary>Icon size</summary>
        <description>Set icon size.</description>
    </key>
    <key type="i" name="icon-resolution">
        <default>0</default>
        <summary>Icon quality</summary>
        <description>Set icon resolution to improve rendering quality.</description>
    </key>
    <key type="i" name="blur-resolution">
        <default>0</default>
        <summary>Blur quality</summary>
        <description>Set blur resolution.</description>
    </key>
    <key type="b" name="disable-blur-at-overview">
        <default>true</default>
        <summary>Disable blur at overview</summary>
        <description>Disable blur at overview</description>
    </key>
    <key type="i" name="icon-effect">
        <default>0</default>
        <summary>Icon effect</summary>
        <description>Set icon rendering effect.</description>
    </key>
    <key type="(dddd)" name="icon-effect-color">
        <default>(1.,1.,1.,1.)</default>
        <summary>Rendering effect color</summary>
        <description>Set the icon rendering effect color.</description>
    </key>
    <key type="i" name="monitor-count">
        <default>1</default>
        <summary>Monitors Count</summary>
        <description>Monitors found by the extension.</description>
    </key>
    <key type="d" name="scroll-sensitivity">
        <default>0.4</default>
        <summary>Scroll sensitivity</summary>
        <description>Scroll sensitivity</description>
    </key>
    <key type="d" name="pressure-sense-sensitivity">
        <default>0.4</default>
        <summary>Pressure sense sensitivity</summary>
        <description>Pressure sense sensitivity</description>
    </key>
    <key type="s" name="msg-to-pref">
        <default>""</default>
        <summary>MsgBus</summary>
        <description>Preferences-Extension message bus</description>
    </key>
    <key type="s" name="msg-to-ext">
        <default>""</default>
        <summary>MsgBus</summary>
        <description>Preferences-Extension message bus</description>
    </key>
    <key type="(dddd)" name="drawing-accent-color">
        <default>(1.,0.,0.,1.)</default>
        <summary>Primary color</summary>
        <description>Set primary color.</description>
    </key>
    <key type="(dddd)" name="drawing-secondary-color">
        <default>(1.,0.6,0.,1.)</default>
        <summary>Secondary color</summary>
        <description>Set secondary color.</description>
    </key>
    <key type="(dddd)" name="drawing-dark-color">
        <default>(0.2, 0.2, 0.2, 1.)</default>
        <summary>Dark color</summary>
        <description>Set dark color.</description>
    </key>
    <key type="(dddd)" name="drawing-light-color">
        <default>(1.,1.,1.,1.)</default>
        <summary>Light color</summary>
        <description>Set light color.</description>
    </key>
    <key type="(dddd)" name="drawing-dark-foreground">
        <default>(0.8, 0.8, 0.8, 1.)</default>
        <summary>Dark foreground color</summary>
        <description>Set dark foreground color.</description>
    </key>
    <key type="(dddd)" name="drawing-light-foreground">
        <default>(0.3,0.3,0.3,1.)</default>
        <summary>Light color</summary>
        <description>Set light foreground color.</description>
    </key>
    <key type="i" name="theme">
        <default>0</default>
        <summary>Theme</summary>
        <description>Select a theme.</description>
    </key>
    <key type="b" name="blur-background">
        <default>false</default>
        <summary>Enable background blur</summary>
        <description></description>
    </key>
  </schema>
</schemalist>
