<?xml version="1.0" encoding="UTF-8"?>
<schemalist>
  <schema id="org.gnome.shell.extensions.spotify-controls" path="/org/gnome/shell/extensions/spotify-controls/">
    <key name="position" type="s">
      <default>'rightmost-left'</default>
      <summary>Position on the top bar</summary>
      <description>
        Determines where the Spotify controls appear on the top bar.
        Possible values are:
        - 'far-left', 'mid-left', 'rightmost-left' (Left Side)
        - 'middle-left', 'center', 'middle-right' (Center)
        - 'leftmost-right', 'mid-right', 'far-right' (Right Side)
      </description>
    </key>
    <key name="controls-position" type="s">
      <default>'right'</default>
      <summary>Playback Controls Position</summary>
      <description>
        Specify where the playback controls should appear: 'left' or 'right' of the track info.
      </description>
    </key>
    <key name="show-playback-controls" type="b">
      <default>true</default>
      <summary>Show Playback Controls</summary>
      <description>
        Toggle the visibility (on/off) of the playback controls (Previous, Play/Pause, Next) in the Spotify indicator.
      </description>
    </key>
    <key name="show-spotify-icon" type="b">
      <default>true</default>
      <summary>Show Spotify Icon</summary>
      <description>
        Toggle the visibility of the Spotify logo in the top bar.
      </description>
    </key>
    <key name="enable-volume-control" type="b">
      <default>true</default>
      <summary>Enable Volume Control</summary>
      <description>
        Toggle the volume control feature using the scroll wheel over the song title in the top bar.
      </description>
    </key>
    <key name="show-track-info" type="b">
      <default>true</default>
      <summary>Show Artist/Track Info</summary>
      <description>
        Toggle the visibility of the Artist and Track information in the top bar.
      </description>
    </key>
    <key name="enable-middle-click" type="b">
      <default>true</default>
      <summary>Enable Middle Click for Play/Pause</summary>
      <description>
        Toggles whether the user can Play/Pause with a middle-click on the extension icon.
      </description>
    </key>    
    <key name="minimize-on-second-click" type="b">
      <default>true</default>
      <summary>Minimize Spotify on second click</summary>
      <description>
        If toggled, a second click on the extension will minimize Spotify if it is already in the foreground.
        If un-toggled, clicking the extension again while Spotify is on top does nothing.
      </description>
    </key>
  </schema>
</schemalist>

