{
  "_generated": "Generated by SweetTooth, do not edit",
  "description": "This extension allows paired Bluetooth devices to be connected and disconnected via the GNOME system menu, Shows battery status and more.\n",
  "donations": {
    "github": "BlankParticle"
  },
  "gettext-domain": "bluetooth-quick-connect",
  "name": "Bluetooth Quick Connect",
  "settings-schema": "org.gnome.shell.extensions.bluetooth-quick-connect",
  "shell-version": [
    "45",
    "46",
    "47",
    "48"
  ],
  "url": "https://github.com/Extensions-Valhalla/gnome-bluetooth-quick-connect",
  "uuid": "bluetooth-quick-connect@bjarosze.gmail.com",
  "version": 53
}